????,numbers_company
???????? (???????) ?????? ??. ??????,123830
???????? ??????????? ????,1328683
"?????????, ????",13-3861628
?? ??? ???? ??????,1427976
???????? ?????? ??????,1522277
?? ?????? ???? ???.,1744984
????? ??????,1811308
???????? ?????????? ??????,1838682
????? ?????? ???? ??????,1838863
????? ????? ??.??.,33248324
???? ????? ???????? ?? ??,34250659
"??? ??""?",510007800
"????? ?????? 1953 ??""? ",510119068
"?? ???? ??? ??""?",510216054
"????? ???? ?.?. ??""? ",510289564
"??.?'?.???. ?????? (1961) ??""?",510291750
"????? ?????? ??""? ",510381601
"??? ????, ????.",510394637
"??? ????? ??""?",510560188
"?????? ???""? ??""?",510607328
"???? ???? ????? ??""? ",510609761
"???????? ?????? ???????? ??""?",510712466
"????? (1980) ??""?",510844913
"??????-???? ?? ??? ?????? ???? ??""? ",510882830
"??????? ??""? ",510930787
"??? ???? ????? (1982) ??""?",510959596
"????? ??????? ??""?",510960719
"??.??.??. ??????? ????????? ?????????? ??""?",511029373
"?????? ?.?. ??""?",511068256
"???????? ????? ??""? ",511134298
"????? ????? ??""?",511297541
"?. ???? ???? ?????? ??????? ???? 1988 ??""?",511327017
"???-?????? ??""?",511396046
"?.?. ???? ???? ?????? ??""?",511399388
"????? ??? ??????? ??""?",511416612
"?????? ?????????? ??""?",511418477
"??????? ?????? ???""? ??""?",511491839
"????? ??""?",511524605
"????????? ??""?",511527202
"???????? ???? ??""?",511659401
"??????? ??""?",511687568
"??? ?????? ??? ??""?",511725459
"?????? ?????? ????' ??""? ",511786378
"??. ?'?. ??? ?????? ??""?",511870891
"??.??.??. ?????????? ??""?",511888356
"???????? ??""?",511896540
"??? ?????? ???????????? ??""? ",511898835
"??-???? ??????? ??""? ",512022153
"???? ????? ??????? ??""?",512025891
"????????? ??""?",512051699
"?????? ??""? ",512096793
"????? ??????????? ??""?",512101460
"????? (?.?.?.) ??""? ",512112806
"???? - ???? ??""?",512157603
"?.?. ?????? ?????? ??""?",512288713
"???? ???? ??? (1996) ??""? ",512398017
"????? ????? ??????? ??""? ",512416991
"???? ??""? ",512499344
"???? ?????????? ???? ??""?",512512468
"?.?.? ????? ??""? ",512531203
"????? ????????? ????? (??.??.??.) ??""? ",512565730
"???? ????? ??""?",512569237
"???? ?????? (1998) ??""?",512607888
"?. ???? ?????? ??""? ",512623950
"????? ?. ??? ????' ??""? ",512665373
"???-??? ??""? ",512671371
"??? ????? ?????? ??""?",512711789
"????? ????????? ??""?",512714221
"????? ??? ?????? ??""?",512719485
"?????? ???? ????? ??""?",512726712
"?????? ???'?? ??""?",512758350
"??-??? ?????? ??????? (1999) ??""?",512776964
"??? ?????? ???????? ??""?",512781386
"????? ????? ??""?",512819178
"?? ????????????? ??""?",512832742
"???.??.?? ?????? ???????????? ??""?",512854514
"?? - ??????? ????? (??.??.??) ??""?",512873217
"??????? ??""?",512882747
"????? ????? ??""?",512950320
"???? ????? ?????? ??""?",513029975
"??. ??. ??. ?????????? ??""?",513057588
"????????? ?????? ?????? ??""?",513141879
"???? ????? ???? ??? ??""?",513230029
"??? ??? ?????? ??""? ",513257873
"????? ?????? ?????? ??""?",513342444
"?????? 365 ??""?",513389270
"??????? ?? ??? ??""? ",513398750
"????? ??? ????? ?????? ??""?",513436394
"?????? ??""?",513487629
"????? ??????? ??""?",513488833
"??? ??.??.??. ??""? ",513506329
"???""? ?????? ??""?",513507574
"??? ?????? ??""?",513579482
"??.??.??? ???????? ???????? ??""?",513600056
"????? ??? ??? - ?????? ??""? ",513605519
"???? ????? ??????? ??????? ??""?",513615286
"??? ????? ????? ??""?",513623314
"???? ????? ??""?",513627901
"??????? ?????? ??????? ??""?",513660373
"??????? ?????? ??""?",513673970
"??????? ???? ????? ??""?",513680793
"???? ???????? ????? ??""?",513681247
"??????? ????? ??????? (2005) ??""?",513682146
"???? ?????? ??""?",513682625
"??????? ?????? ??""?",513686154
"???? ????? ?????? ??""?",513734566
"????' ?? ?? - ????? ???-?????? ??""?",513734590
"?????? ????? ??""?",513754069
"???? ???? ???""? ??""?",513765859
"??? ?????? ??? ??? ????? ?????? 2006 ??""?",513770669
"????? ???? ??? ??""?",513773564
"????????? ?????? ?????? ??""? ",513817817
"??? 1 ??""? ",513821488
"???? ????? ????? ??????? ??""? ",513834200
"?????????? ??""?",513890764
"????'??? - ??????? ??????? ??""? ",513901371
"????-?? ????? ????? ??""?",513910091
"???.??.???. ???? ?????? ??""?",513910703
"????? ?????? ???? ??? ??""? ",513937714
"????????? ????? ??""?",513947473
"????? ????????? ??""?",513952499
"?.?.?. ???? ???""? ??""?",513957472
"???????? ?????? ?? ????? ??""?",513961334
"?? - ?? ?????????? ??""?",513979906
"??????? ?????? ??""? ",513988824
"???? ?????? ??""?",514065283
"??????? ??? ?????????? ??""? ",514068980
"???????? ??""?",514192558
"????'?? ?????????? ??""?",514240779
"?????? ????? ??? (2009) ??""?",514290345
"??? ??? ????? ????? ??""?",514353671
"????? ????? ??????? ??????? ?????? ??""?",514423474
"???.??.???. ?????? (2010) ??""? ",514486042
"??? ????? ??? ??? ??""? ",514532456
"??? ??????? (2012) ??""?",514837111
"???? ????? ?????? ??""?",514892801
"?????? ?????? ????? ??""?",515001659
"???? ??????? (?????) ??""?",515060044
"?????? ???? ??""?",520003781
"?????? ???? ??? ??""?",520010869
"?? ?? ????? ???? ?????? ??""?",520017146
"?????? ?????? ??""?",520017450
"???? ???""? (?.?) ??""?",520024126
"???? ?????? ??""? ",520026683
"?????? ??????? ?????? ??""?",520027194
"????? ?????? ??""?",520028010
"???? ????????? ?????? ?????? ??""?",520029083
"???? ?????? ????? ???????? ??""?",520029984
?,520031931
"?'? ???? ??""?",520033234
"???? ????? ??""?",520033457
"?????? ?????????? ??""?",520033861
"???? ?????? ?????? ???????? ??????? ??""?",520033986
"???? ???? ?????? ??""?",520034125
"????? ??""?",520034208
"?????-???? ?????? ????? ????? ??""?",520034216
"??? ??. ??. ????????? ??""?",520034257
"????? ?????? ??""?",520034281
"????? ???? ???? ??""?",520034349
"????-???? ???????? ????????? ??""?",520034364
"?. ???? ?????? ??""?",520034372
"???? ?????? ??""?",520034505
"??? - ??? ??""?",520034620
"???? ?????????? ????? ??""?",520034695
"?????? ????? ?????? ??""? ",520034760
"????? ?????? ??""? ",520036104
"??????? ??""?",520037789
"?????-?? ????? ??????? ??""?",520038506
"???? ??""?",520039942
"???? ???""? ???? ?????? ??""?",520041005
"?????? ?????? ?????? ??""?",520041146
"??? ??? ???????? 1 ??""?",520041187
"???? ????? ??""?",520041286
"???? ????? ????? ??""?",520041674
"???? ?????? ???? ??""?",520041732
"??????? ??""?",520041773
"?.?. ???????? ????? ?????? ??""?",520041872
"?????? ??.??.??. ????? ????? ?????? ??""?",520041963
"??? ????? ???????? ??""?",520042003
"????? ???? ?????? ??""?",520042177
"????? ????? ??""?",520042219
"????? ?????? ??""?",520042458
"?????? ??""?",520042482
"????? ??""?",520042763
"?????? ?????? ??""?",520042912
"?????? ?? ??""?",520043001
"????? ?????? ??""?",520043027
"????? ????? ??""?",520043035
"???? ???? ?????? ??""?",520043381
"????? ??? ??? ?????? (1997) ??""?",520043480
"????????? ?????? ??????? ??""?",520043597
"???? ??????? ??????? ??""?",520043605
"????? ?????? ???""? ??""?",520043720
"???? ??? ?????? ??""?",520043795
"?.?. ???? ????? ??""?",520043860
"???-???? ?????? ?????? (1988) ??""?",520043878
"??? ????? ?????? ??????? (1990) ??""?",520044231
"??????? ???'?? ??""?",520044298
"????? ??? ??""?",520044322
"????? ?????? ??""?",520044405
"??.??.?? ?????? ??""?",520044421
"???? ?'? ????? ??""?",520044470
"????? ????? ????? ??""?",520044520
???-?? ????'? - ?????? ??????,550013098
??????? - ?????? ??????,550222764
"???? ??????????? (?.?.?.),?????? ?????? ",550235295
"??????? ??????? ?????? ??????, ?????? ??????",550236822
